LAVELANET,23,9122
SAINT-JEAN-DE-VERGES,22,9122
PAMIERS,21,9122
LAVELANET,20,9157
TOULOUSE,19,9225
FOIX,18,9225
VERNIOLLE,17,9225
MAZERES,16,9225
SAINT-JEAN-DE-VERGES,15,9225
SAINT-JEAN-DU-FALGA,14,9225
LORP-SENTARAILLE,13,9261
SAINT-LIZIER,12,9261
FOIX,11,9264
SAINT-GIRONS,10,9268
CASTELNAUDARY,25,11069
TREBES,23,11069
LIMOUX,22,11069
TOULOUSE,21,11069
BRAM,20,11069
NARBONNE,19,11069
LEZIGNAN-CORBIERES,18,11069
PENNAUTIER,17,11069
TOULOUSE,16,11076
CARCASSONNE,15,11076
NARBONNE,14,11203
CARCASSONNE,13,11203
CARCASSONNE,12,11206
MONTREDON-DES-CORBIERES,11,11262
LEZIGNAN-CORBIERES,10,11262
GRUISSAN,10,11262
CUXAC-D'AUDE,10,11262
BEZIERS,10,11262
MONTPELLIER,10,11262
PORT-LA-NOUVELLE,10,11262
COURSAN,10,11262
CARCASSONNE,10,11262
PERPIGNAN,10,11262
NARBONNE,10,11266
SIGEAN,10,11266
VIVIEZ,10,12089
ONET-LE-CHATEAU,10,12096
BOZOULS,10,12096
RODEZ,10,12096
SAINT-GEORGES-DE-LUZENCON,10,12145
SAINT-AFFRIQUE,10,12145
SEVERAC-LE-CHATEAU,10,12145
ROQUEFORT-SUR-SOULZON,10,12145
RODEZ,10,12145
CREISSELS,10,12145
LA CAVALERIE,10,12145
AGUESSAC,10,12145
OLEMPS,10,12176
LUC-LA-PRIMAUBE,10,12176
RODEZ,10,12176
LUC-LA-PRIMAUBE,10,12202
BOZOULS,10,12202
ONET-LE-CHATEAU,10,12202
OLEMPS,10,12202
SEBAZAC-CONCOURES,10,12202
DECAZEVILLE,10,12305
NIMES,10,13004
FOURQUES,10,13004
BEAUCAIRE,10,13004
BEAUCAIRE,10,13108
SAINT-CHRISTOL-LES-ALES,10,30007
SALINDRES,10,30007
SAINT-PRIVAT-DES-VIEUX,10,30007
SAINT-MARTIN-DE-VALGALGUES,10,30007
MONTPELLIER,10,30007
LA GRAND-COMBE,10,30007
ANDUZE,10,30007
NIMES,10,30007
SAINT-HILAIRE-DE-BRETHMAS,10,30007
ALES,10,30010
PONT-SAINT-ESPRIT,10,30028
PIERRELATTE,10,30028
CODOLET,10,30028
CHUSCLAN,10,30028
LAUDUN-L'ARDOISE,10,30028
AVIGNON,10,30028
BAGNOLS-SUR-CEZE,10,30081
LA GRANDE-MOTTE,10,30133
MONTPELLIER,10,30133
NIMES,10,30133
AIGUES-MORTES,10,30133
MILHAUD,10,30189
SAINT-GILLES,10,30189
VERGEZE,10,30189
RODILHAN,10,30189
MONTPELLIER,10,30189
ARLES,10,30189
AVIGNON,10,30189
MARGUERITTES,10,30189
VAUVERT,10,30189
ALES,10,30189
LUNEL,10,30189
UZES,10,30189
GARONS,10,30189
CAISSARGUES,10,30189
BEAUCAIRE,10,30189
AIMARGUES,10,30189
BOUILLARGUES,10,30189
BAGNOLS-SUR-CEZE,10,30189
TARASCON,10,30189
MANDUEL,10,30189
ALES,10,30305
NIMES,10,30334
MONTAREN-ET-SAINT-MEDIERS,10,30334
SAINT-ORENS-DE-GAMEVILLE,10,31044
LABEGE,10,31044
COLOMIERS,10,31044
BLAGNAC,10,31044
TOULOUSE,10,31044
BEAUZELLE,10,31069
TOURNEFEUILLE,10,31069
CORNEBARRIEU,10,31069
LABEGE,10,31069
BALMA,10,31069
COLOMIERS,10,31069
TOULOUSE,10,31069
PIBRAC,10,31149
TOURNEFEUILLE,10,31149
MURET,10,31149
PLAISANCE-DU-TOUCH,10,31149
PORTET-SUR-GARONNE,10,31149
CORNEBARRIEU,10,31149
BLAGNAC,10,31149
TOULOUSE,10,31149
BALMA,10,31149
LABEGE,10,31149
SAINT-GAUDENS,10,31175
TOULOUSE,10,31184
TOULOUSE,10,31254
COLOMIERS,10,31395
PORTET-SUR-GARONNE,10,31395
TOULOUSE,10,31395
ROQUES,10,31395
CUGNAUX,10,31395
LABEGE,10,31395
SEYSSES,10,31395
BLAGNAC,10,31395
TOULOUSE,10,31433
LABEGE,10,31433
BLAGNAC,10,31433
COLOMIERS,10,31433
MURET,10,31433
SOREZE,10,31451
CASTRES,10,31451
TOULOUSE,10,31451
TOULOUSE,10,31483
ESTANCARBON,10,31483
VILLENEUVE-TOLOSANE,10,31555
ROUFFIAC-TOLOSAN,10,31555
ROISSY-EN-FRANCE,10,31555
BEAUZELLE,10,31555
MURET,10,31555
BALMA,10,31555
SEYSSES,10,31555
QUINT-FONSEGRIVES,10,31555
PORTET-SUR-GARONNE,10,31555
CASTANET-TOLOSAN,10,31555
FOIX,10,31555
VILLENEUVE-LES-BOULOC,10,31555
SAINT-ALBAN,10,31555
SAINT-LYS,10,31555
AUTERIVE,10,31555
MONTAUBAN,10,31555
CAHORS,10,31555
BORDEAUX,10,31555
L'ISLE-JOURDAIN,10,31555
ROQUES,10,31555
AUCH,10,31555
VILLEFRANCHE-DE-LAURAGAIS,10,31555
BLAGNAC,10,31555
SAINT-ORENS-DE-GAMEVILLE,10,31555
ALBI,10,31555
CASTRES,10,31555
SAINT-GAUDENS,10,31555
LAVAUR,10,31555
TOURNEFEUILLE,10,31555
AUCAMVILLE,10,31555
hors-france,10,31555
SAINT-JEAN,10,31555
SAINT-JORY,10,31555
PINSAGUEL,10,31555
PLAISANCE-DU-TOUCH,10,31555
CARCASSONNE,10,31555
SAINTE-FOY-D'AIGREFEUILLE,10,31555
RAMONVILLE-SAINT-AGNE,10,31555
L'UNION,10,31555
BRUGUIERES,10,31555
PAMIERS,10,31555
AGEN,10,31555
AUZEVILLE-TOLOSANE,10,31555
FLOURENS,10,31555
GAILLAC,10,31555
GRENADE,10,31555
SAINT-SAUVEUR,10,31555
CASTELMAUROU,10,31555
FRONTON,10,31555
LABEGE,10,31555
FONSORBES,10,31555
LAUNAGUET,10,31555
REVEL,10,31555
CASTELGINEST,10,31555
FENOUILLET,10,31555
LESPINASSE,10,31555
CUGNAUX,10,31555
CASTELNAU-D'ESTRETEFONDS,10,31555
COLOMIERS,10,31555
CORNEBARRIEU,10,31555
PECHBONNIEU,10,31555
CASTELNAUDARY,10,31555
MONTRABE,10,31555
AUSSONNE,10,31555
ESCALQUENS,10,31555
VILLEMUR-SUR-TARN,10,31555
TOULOUSE,10,32013
PAVIE,10,32013
MIRANDE,10,32013
FLEURANCE,10,32013
AUCH,10,32107
FLEURANCE,10,32208
SAINT-THIBERY,10,34003
MARSEILLAN,10,34003
SETE,10,34003
MONTPELLIER,10,34003
PEZENAS,10,34003
VIAS,10,34003
BEZIERS,10,34003
LAMALOU-LES-BAINS,10,34028
VENDRES,10,34032
VILLENEUVE-LES-BEZIERS,10,34032
NARBONNE,10,34032
AGDE,10,34032
COLOMBIERS,10,34032
MARAUSSAN,10,34032
SERIGNAN,10,34032
SAUVIAN,10,34032
PEZENAS,10,34032
BOUJAN-SUR-LIBRON,10,34032
MONTPELLIER,10,34032
MONTPELLIER,10,34079
MONTPELLIER,10,34111
AGDE,10,34172
PRADES-LE-LEZ,10,34172
LUNEL,10,34172
SAINT-AUNES,10,34172
LATTES,10,34172
hors-france,10,34172
MAUGUIO,10,34172
LE GRAU-DU-ROI,10,34172
BEZIERS,10,34172
TOULOUSE,10,34172
JUVIGNAC,10,34172
SAINT-CLEMENT-DE-RIVIERE,10,34172
AIMARGUES,10,34172
NIMES,10,34172
PALAVAS-LES-FLOTS,10,34172
LA GRANDE-MOTTE,10,34172
PIGNAN,10,34172
SAINT-GEORGES-D'ORQUES,10,34172
VILLENEUVE-LES-MAGUELONE,10,34172
PEROLS,10,34172
SAINT-JEAN-DE-VEDAS,10,34172
VENDARGUES,10,34172
LAVERUNE,10,34172
SETE,10,34172
SAINT-GELY-DU-FESC,10,34172
MONTFERRIER-SUR-LEZ,10,34172
CASTRIES,10,34172
CASTELNAU-LE-LEZ,10,34172
CLAPIERS,10,34172
BAILLARGUES,10,34172
LE CRES,10,34172
SAINT-MATHIEU-DE-TREVIERS,10,34172
CLERMONT-L'HERAULT,10,34172
JACOU,10,34172
GRABELS,10,34172
NARBONNE,10,34172
FRONTIGNAN,10,34172
FLORENSAC,10,34172
FABREGUES,10,34172
GIGNAC,10,34172
JONCELS,10,34172
LATTES,10,34198
MAUGUIO,10,34198
MONTPELLIER,10,34198
AGDE,10,34199
BEZIERS,10,34199
MONTPELLIER,10,34199
MAUGUIO,10,34240
MONTPELLIER,10,34240
MONTPELLIER,10,34270
AGDE,10,34301
BALARUC-LE-VIEUX,10,34301
BEZIERS,10,34301
MONTPELLIER,10,34301
MEZE,10,34301
FRONTIGNAN,10,34301
POUSSAN,10,34301
BALARUC-LES-BAINS,10,34301
SAINT-JEAN-DE-VEDAS,10,34301
MONTPELLIER,10,34327
SAINT-AUNES,10,34327
CASTELNAU-LE-LEZ,10,34327
MAUGUIO,10,34327
MONTPELLIER,10,34344
PRADINES,10,46042
MERCUES,10,46042
CAPDENAC-GARE,10,46102
GOURDON,10,46334
CHIRAC,10,48092
MENDE,10,48092
LE MONASTIER-PIN-MORIES,10,48092
MONTRODAT,10,48092
MARVEJOLS,10,48095
SAINT-ALBAN-SUR-LIMAGNOLE,10,48140
TARBES,10,65059
TARBES,10,65226
TARBES,10,65258
TARBES,10,65284
TARBES,10,65286
ARGELES-GAZOST,10,65286
TARBES,10,65304
LANNEMEZAN,10,65440
VIC-EN-BIGORRE,10,65440
ODOS,10,65440
BAGNERES-DE-BIGORRE,10,65440
PAU,10,65440
LOURDES,10,65440
AUREILHAN,10,65440
LOUEY,10,65440
JUILLAN,10,65440
BORDERES-SUR-L'ECHEZ,10,65440
OSSUN,10,65440
MAUBOURGUET,10,65440
IBOS,10,65440
LALOUBERE,10,65440
SEMEAC,10,65440
PERPIGNAN,10,66008
COLLIOURE,10,66008
PERPIGNAN,10,66017
PERPIGNAN,10,66049
AMELIE-LES-BAINS-PALALDA,10,66049
LE BOULOU,10,66049
CLAIRA,10,66136
CANET-EN-ROUSSILLON,10,66136
MONTPELLIER,10,66136
POLLESTRES,10,66136
PRADES,10,66136
SAINT-CYPRIEN,10,66136
CERET,10,66136
SAINT-LAURENT-DE-LA-SALANQUE,10,66136
SAINT-ESTEVE,10,66136
TOULOUGES,10,66136
LE SOLER,10,66136
TORREILLES,10,66136
PIA,10,66136
SALEILLES,10,66136
CABESTANY,10,66136
THEZA,10,66136
LE BOULOU,10,66136
THUIR,10,66136
RIVESALTES,10,66136
BOMPAS,10,66136
FORMIGUERES,10,66136
ARGELES-SUR-MER,10,66136
NARBONNE,10,66136
ELNE,10,66136
PERPIGNAN,10,66149
PERPIGNAN,10,66164
SAINT-JUERY,10,81004
PUYGOUZON,10,81004
MARSSAC-SUR-TARN,10,81004
LESCURE-D'ALBIGEOIS,10,81004
TOULOUSE,10,81004
GAILLAC,10,81004
LE SEQUESTRE,10,81004
CASTRES,10,81004
TERSSAC,10,81004
CARMAUX,10,81004
GRAULHET,10,81004
REVEL,10,81065
TOULOUSE,10,81065
SOUAL,10,81065
LAVAUR,10,81065
SAIX,10,81065
LABRUGUIERE,10,81065
LAUTREC,10,81065
MAZAMET,10,81065
ALBI,10,81065
ALBI,10,81099
TOULOUSE,10,81099
SAINT-SULPICE,10,81099
CASTRES,10,81140
SAINT-SULPICE,10,81140
TOULOUSE,10,81140
CASTRES,10,81163
AUSSILLON,10,81163
BOUT-DU-PONT-DE-LARN,10,81163
MONTAUBAN,10,82037
VALENCE,10,82072
TOULOUSE,10,82112
MONTAUBAN,10,82112
CASTELSARRASIN,10,82112
CASTELSARRASIN,10,82121
BRESSOLS,10,82121
SAINT-ETIENNE-DE-TULMONT,10,82121
MONTECH,10,82121
CAUSSADE,10,82121
MOISSAC,10,82121
CAHORS,10,82121
TOULOUSE,10,82121
BLAGNAC,10,82121
NEGREPELISSE,10,82121
LAFRANCAISE,10,82121
MONTBETON,10,82121
GOLFECH,10,82186
VILLENEUVE-LES-AVIGNON,10,84007
ARAMON,10,84007
NIMES,10,84007
LES ANGLES,10,84007
LAUDUN-L'ARDOISE,10,84007
BAGNOLS-SUR-CEZE,10,84007
BAGNOLS-SUR-CEZE,10,84019
